,Team_Name,Year,Wins,Losses,WL%
0,divs_standings_ 1950,1950,W,L,W/L%
1,Minneapolis Lakers,1950,51,17,.750
2,Rochester Royals,1950,51,17,.750
3,Fort Wayne Pistons,1950,40,28,.588
4,Chicago Stags,1950,40,28,.588
5,St. Louis Bombers,1950,26,42,.382
6,Syracuse Nationals,1950,51,13,.797
7,New York Knicks,1950,40,28,.588
8,Washington Capitols,1950,32,36,.471
9,Philadelphia Warriors,1950,26,42,.382
10,Baltimore Bullets,1950,25,43,.368
11,Boston Celtics,1950,22,46,.324
12,Indianapolis Olympians,1950,39,25,.609
13,Anderson Packers,1950,37,27,.578
14,Tri-Cities Blackhawks,1950,29,35,.453
15,Sheboygan Red Skins,1950,22,40,.355
16,Waterloo Hawks,1950,19,43,.306
17,Denver Nuggets,1950,11,51,.177
18,divs_standings_ 1951,1951,W,L,W/L%
19,Philadelphia Warriors,1951,40,26,.606
20,Boston Celtics,1951,39,30,.565
21,New York Knicks,1951,36,30,.545
22,Syracuse Nationals,1951,32,34,.485
23,Baltimore Bullets,1951,24,42,.364
24,Washington Capitols,1951,10,25,.286
25,Minneapolis Lakers,1951,44,24,.647
26,Rochester Royals,1951,41,27,.603
27,Fort Wayne Pistons,1951,32,36,.471
28,Indianapolis Olympians,1951,31,37,.456
29,Tri-Cities Blackhawks,1951,25,43,.368
30,divs_standings_ 1952,1952,W,L,W/L%
31,Syracuse Nationals,1952,40,26,.606
32,Boston Celtics,1952,39,27,.591
33,New York Knicks,1952,37,29,.561
34,Philadelphia Warriors,1952,33,33,.500
35,Baltimore Bullets,1952,20,46,.303
36,Rochester Royals,1952,41,25,.621
37,Minneapolis Lakers,1952,40,26,.606
38,Indianapolis Olympians,1952,34,32,.515
39,Fort Wayne Pistons,1952,29,37,.439
40,Milwaukee Hawks,1952,17,49,.258
41,divs_standings_ 1953,1953,W,L,W/L%
42,New York Knicks,1953,47,23,.671
43,Syracuse Nationals,1953,47,24,.662
44,Boston Celtics,1953,46,25,.648
45,Baltimore Bullets,1953,16,54,.229
46,Philadelphia Warriors,1953,12,57,.174
47,Minneapolis Lakers,1953,48,22,.686
48,Rochester Royals,1953,44,26,.629
49,Fort Wayne Pistons,1953,36,33,.522
50,Indianapolis Olympians,1953,28,43,.394
51,Milwaukee Hawks,1953,27,44,.380
52,divs_standings_ 1954,1954,W,L,W/L%
53,New York Knicks,1954,44,28,.611
54,Syracuse Nationals,1954,42,30,.583
55,Boston Celtics,1954,42,30,.583
56,Philadelphia Warriors,1954,29,43,.403
57,Baltimore Bullets,1954,16,56,.222
58,Minneapolis Lakers,1954,46,26,.639
59,Rochester Royals,1954,44,28,.611
60,Fort Wayne Pistons,1954,40,32,.556
61,Milwaukee Hawks,1954,21,51,.292
62,divs_standings_ 1955,1955,W,L,W/L%
63,Syracuse Nationals,1955,43,29,.597
64,New York Knicks,1955,38,34,.528
65,Boston Celtics,1955,36,36,.500
66,Philadelphia Warriors,1955,33,39,.458
67,Baltimore Bullets,1955,,,
68,Fort Wayne Pistons,1955,43,29,.597
69,Minneapolis Lakers,1955,40,32,.556
70,Rochester Royals,1955,29,43,.403
71,Milwaukee Hawks,1955,26,46,.361
72,divs_standings_ 1956,1956,W,L,W/L%
73,Philadelphia Warriors,1956,45,27,.625
74,Boston Celtics,1956,39,33,.542
75,Syracuse Nationals,1956,35,37,.486
76,New York Knicks,1956,35,37,.486
77,Fort Wayne Pistons,1956,37,35,.514
78,Minneapolis Lakers,1956,33,39,.458
79,St. Louis Hawks,1956,33,39,.458
80,Rochester Royals,1956,31,41,.431
81,divs_standings_ 1957,1957,W,L,W/L%
82,Boston Celtics,1957,44,28,.611
83,Syracuse Nationals,1957,38,34,.528
84,Philadelphia Warriors,1957,37,35,.514
85,New York Knicks,1957,36,36,.500
86,St. Louis Hawks,1957,34,38,.472
87,Minneapolis Lakers,1957,34,38,.472
88,Fort Wayne Pistons,1957,34,38,.472
89,Rochester Royals,1957,31,41,.431
90,divs_standings_ 1958,1958,W,L,W/L%
91,Boston Celtics,1958,49,23,.681
92,Syracuse Nationals,1958,41,31,.569
93,Philadelphia Warriors,1958,37,35,.514
94,New York Knicks,1958,35,37,.486
95,St. Louis Hawks,1958,41,31,.569
96,Detroit Pistons,1958,33,39,.458
97,Cincinnati Royals,1958,33,39,.458
98,Minneapolis Lakers,1958,19,53,.264
99,divs_standings_ 1959,1959,W,L,W/L%
100,Boston Celtics,1959,52,20,.722
101,New York Knicks,1959,40,32,.556
102,Syracuse Nationals,1959,35,37,.486
103,Philadelphia Warriors,1959,32,40,.444
104,St. Louis Hawks,1959,49,23,.681
105,Minneapolis Lakers,1959,33,39,.458
106,Detroit Pistons,1959,28,44,.389
107,Cincinnati Royals,1959,19,53,.264
108,divs_standings_ 1960,1960,W,L,W/L%
109,Boston Celtics,1960,59,16,.787
110,Philadelphia Warriors,1960,49,26,.653
111,Syracuse Nationals,1960,45,30,.600
112,New York Knicks,1960,27,48,.360
113,St. Louis Hawks,1960,46,29,.613
114,Detroit Pistons,1960,30,45,.400
115,Minneapolis Lakers,1960,25,50,.333
116,Cincinnati Royals,1960,19,56,.253
117,divs_standings_ 1961,1961,W,L,W/L%
118,Boston Celtics,1961,57,22,.722
119,Philadelphia Warriors,1961,46,33,.582
120,Syracuse Nationals,1961,38,41,.481
121,New York Knicks,1961,21,58,.266
122,St. Louis Hawks,1961,51,28,.646
123,Los Angeles Lakers,1961,36,43,.456
124,Detroit Pistons,1961,34,45,.430
125,Cincinnati Royals,1961,33,46,.418
126,divs_standings_ 1962,1962,W,L,W/L%
127,Boston Celtics,1962,60,20,.750
128,Philadelphia Warriors,1962,49,31,.613
129,Syracuse Nationals,1962,41,39,.513
130,New York Knicks,1962,29,51,.363
131,Los Angeles Lakers,1962,54,26,.675
132,Cincinnati Royals,1962,43,37,.538
133,Detroit Pistons,1962,37,43,.463
134,St. Louis Hawks,1962,29,51,.363
135,Chicago Packers,1962,18,62,.225
136,divs_standings_ 1963,1963,W,L,W/L%
137,Boston Celtics,1963,58,22,.725
138,Syracuse Nationals,1963,48,32,.600
139,Cincinnati Royals,1963,42,38,.525
140,New York Knicks,1963,21,59,.263
141,Los Angeles Lakers,1963,53,27,.663
142,St. Louis Hawks,1963,48,32,.600
143,Detroit Pistons,1963,34,46,.425
144,San Francisco Warriors,1963,31,49,.388
145,Chicago Zephyrs,1963,25,55,.313
146,divs_standings_ 1964,1964,W,L,W/L%
147,Boston Celtics,1964,59,21,.738
148,Cincinnati Royals,1964,55,25,.688
149,Philadelphia 76ers,1964,34,46,.425
150,New York Knicks,1964,22,58,.275
151,San Francisco Warriors,1964,48,32,.600
152,St. Louis Hawks,1964,46,34,.575
153,Los Angeles Lakers,1964,42,38,.525
154,Baltimore Bullets,1964,31,49,.388
155,Detroit Pistons,1964,23,57,.288
156,divs_standings_ 1965,1965,W,L,W/L%
157,Boston Celtics,1965,62,18,.775
158,Cincinnati Royals,1965,48,32,.600
159,Philadelphia 76ers,1965,40,40,.500
160,New York Knicks,1965,31,49,.388
161,Los Angeles Lakers,1965,49,31,.613
162,St. Louis Hawks,1965,45,35,.563
163,Baltimore Bullets,1965,37,43,.463
164,Detroit Pistons,1965,31,49,.388
165,San Francisco Warriors,1965,17,63,.213
166,divs_standings_ 1966,1966,W,L,W/L%
167,Philadelphia 76ers,1966,55,25,.688
168,Boston Celtics,1966,54,26,.675
169,Cincinnati Royals,1966,45,35,.563
170,New York Knicks,1966,30,50,.375
171,Los Angeles Lakers,1966,45,35,.563
172,Baltimore Bullets,1966,38,42,.475
173,St. Louis Hawks,1966,36,44,.450
174,San Francisco Warriors,1966,35,45,.438
175,Detroit Pistons,1966,22,58,.275
176,divs_standings_ 1967,1967,W,L,W/L%
177,Philadelphia 76ers,1967,68,13,.840
178,Boston Celtics,1967,60,21,.741
179,Cincinnati Royals,1967,39,42,.481
180,New York Knicks,1967,36,45,.444
181,Baltimore Bullets,1967,20,61,.247
182,San Francisco Warriors,1967,44,37,.543
183,St. Louis Hawks,1967,39,42,.481
184,Los Angeles Lakers,1967,36,45,.444
185,Chicago Bulls,1967,33,48,.407
186,Detroit Pistons,1967,30,51,.370
187,divs_standings_ 1968,1968,W,L,W/L%
188,Philadelphia 76ers,1968,62,20,.756
189,Boston Celtics,1968,54,28,.659
190,New York Knicks,1968,43,39,.524
191,Detroit Pistons,1968,40,42,.488
192,Cincinnati Royals,1968,39,43,.476
193,Baltimore Bullets,1968,36,46,.439
194,St. Louis Hawks,1968,56,26,.683
195,Los Angeles Lakers,1968,52,30,.634
196,San Francisco Warriors,1968,43,39,.524
197,Chicago Bulls,1968,29,53,.354
198,Seattle SuperSonics,1968,23,59,.280
199,San Diego Rockets,1968,15,67,.183
200,divs_standings_ 1969,1969,W,L,W/L%
201,Baltimore Bullets,1969,57,25,.695
202,Philadelphia 76ers,1969,55,27,.671
203,New York Knicks,1969,54,28,.659
204,Boston Celtics,1969,48,34,.585
205,Cincinnati Royals,1969,41,41,.500
206,Detroit Pistons,1969,32,50,.390
207,Milwaukee Bucks,1969,27,55,.329
208,Los Angeles Lakers,1969,55,27,.671
209,Atlanta Hawks,1969,48,34,.585
210,San Francisco Warriors,1969,41,41,.500
211,San Diego Rockets,1969,37,45,.451
212,Chicago Bulls,1969,33,49,.402
213,Seattle SuperSonics,1969,30,52,.366
214,Phoenix Suns,1969,16,66,.195
215,divs_standings_ 1970,1970,W,L,W/L%
216,New York Knicks,1970,60,22,.732
217,Milwaukee Bucks,1970,56,26,.683
218,Baltimore Bullets,1970,50,32,.610
219,Philadelphia 76ers,1970,42,40,.512
220,Cincinnati Royals,1970,36,46,.439
221,Boston Celtics,1970,34,48,.415
222,Detroit Pistons,1970,31,51,.378
223,Atlanta Hawks,1970,48,34,.585
224,Los Angeles Lakers,1970,46,36,.561
225,Chicago Bulls,1970,39,43,.476
226,Phoenix Suns,1970,39,43,.476
227,Seattle SuperSonics,1970,36,46,.439
228,San Francisco Warriors,1970,30,52,.366
229,San Diego Rockets,1970,27,55,.329
230,divs_standings_E 1971,1971,W,L,W/L%
231,New York Knicks,1971,52,30,.634
232,Philadelphia 76ers,1971,47,35,.573
233,Boston Celtics,1971,44,38,.537
234,Buffalo Braves,1971,22,60,.268
235,Baltimore Bullets,1971,42,40,.512
236,Atlanta Hawks,1971,36,46,.439
237,Cincinnati Royals,1971,33,49,.402
238,Cleveland Cavaliers,1971,15,67,.183
239,divs_standings_W 1971,1971,W,L,W/L%
240,Milwaukee Bucks,1971,66,16,.805
241,Chicago Bulls,1971,51,31,.622
242,Phoenix Suns,1971,48,34,.585
243,Detroit Pistons,1971,45,37,.549
244,Los Angeles Lakers,1971,48,34,.585
245,San Francisco Warriors,1971,41,41,.500
246,San Diego Rockets,1971,40,42,.488
247,Seattle SuperSonics,1971,38,44,.463
248,Portland Trail Blazers,1971,29,53,.354
249,divs_standings_E 1972,1972,W,L,W/L%
250,Boston Celtics,1972,56,26,.683
251,New York Knicks,1972,48,34,.585
252,Philadelphia 76ers,1972,30,52,.366
253,Buffalo Braves,1972,22,60,.268
254,Baltimore Bullets,1972,38,44,.463
255,Atlanta Hawks,1972,36,46,.439
256,Cincinnati Royals,1972,30,52,.366
257,Cleveland Cavaliers,1972,23,59,.280
258,divs_standings_W 1972,1972,W,L,W/L%
259,Milwaukee Bucks,1972,63,19,.768
260,Chicago Bulls,1972,57,25,.695
261,Phoenix Suns,1972,49,33,.598
262,Detroit Pistons,1972,26,56,.317
263,Los Angeles Lakers,1972,69,13,.841
264,Golden State Warriors,1972,51,31,.622
265,Seattle SuperSonics,1972,47,35,.573
266,Houston Rockets,1972,34,48,.415
267,Portland Trail Blazers,1972,18,64,.220
268,divs_standings_E 1973,1973,W,L,W/L%
269,Boston Celtics,1973,68,14,.829
270,New York Knicks,1973,57,25,.695
271,Buffalo Braves,1973,21,61,.256
272,Philadelphia 76ers,1973,9,73,.110
273,Baltimore Bullets,1973,52,30,.634
274,Atlanta Hawks,1973,46,36,.561
275,Houston Rockets,1973,33,49,.402
276,Cleveland Cavaliers,1973,32,50,.390
277,divs_standings_W 1973,1973,W,L,W/L%
278,Milwaukee Bucks,1973,60,22,.732
279,Chicago Bulls,1973,51,31,.622
280,Detroit Pistons,1973,40,42,.488
281,Kansas City-Omaha Kings,1973,36,46,.439
282,Los Angeles Lakers,1973,60,22,.732
283,Golden State Warriors,1973,47,35,.573
284,Phoenix Suns,1973,38,44,.463
285,Seattle SuperSonics,1973,26,56,.317
286,Portland Trail Blazers,1973,21,61,.256
287,divs_standings_E 1974,1974,W,L,W/L%
288,Boston Celtics,1974,56,26,.683
289,New York Knicks,1974,49,33,.598
290,Buffalo Braves,1974,42,40,.512
291,Philadelphia 76ers,1974,25,57,.305
292,Capital Bullets,1974,47,35,.573
293,Atlanta Hawks,1974,35,47,.427
294,Houston Rockets,1974,32,50,.390
295,Cleveland Cavaliers,1974,29,53,.354
296,divs_standings_W 1974,1974,W,L,W/L%
297,Milwaukee Bucks,1974,59,23,.720
298,Chicago Bulls,1974,54,28,.659
299,Detroit Pistons,1974,52,30,.634
300,Kansas City-Omaha Kings,1974,33,49,.402
301,Los Angeles Lakers,1974,47,35,.573
302,Golden State Warriors,1974,44,38,.537
303,Seattle SuperSonics,1974,36,46,.439
304,Phoenix Suns,1974,30,52,.366
305,Portland Trail Blazers,1974,27,55,.329
306,divs_standings_E 1975,1975,W,L,W/L%
307,Boston Celtics,1975,60,22,.732
308,Buffalo Braves,1975,49,33,.598
309,New York Knicks,1975,40,42,.488
310,Philadelphia 76ers,1975,34,48,.415
311,Washington Bullets,1975,60,22,.732
312,Houston Rockets,1975,41,41,.500
313,Cleveland Cavaliers,1975,40,42,.488
314,Atlanta Hawks,1975,31,51,.378
315,New Orleans Jazz,1975,23,59,.280
316,divs_standings_W 1975,1975,W,L,W/L%
317,Chicago Bulls,1975,47,35,.573
318,Kansas City-Omaha Kings,1975,44,38,.537
319,Detroit Pistons,1975,40,42,.488
320,Milwaukee Bucks,1975,38,44,.463
321,Golden State Warriors,1975,48,34,.585
322,Seattle SuperSonics,1975,43,39,.524
323,Portland Trail Blazers,1975,38,44,.463
324,Phoenix Suns,1975,32,50,.390
325,Los Angeles Lakers,1975,30,52,.366
326,divs_standings_E 1976,1976,W,L,W/L%
327,Boston Celtics,1976,54,28,.659
328,Philadelphia 76ers,1976,46,36,.561
329,Buffalo Braves,1976,46,36,.561
330,New York Knicks,1976,38,44,.463
331,Cleveland Cavaliers,1976,49,33,.598
332,Washington Bullets,1976,48,34,.585
333,Houston Rockets,1976,40,42,.488
334,New Orleans Jazz,1976,38,44,.463
335,Atlanta Hawks,1976,29,53,.354
336,divs_standings_W 1976,1976,W,L,W/L%
337,Milwaukee Bucks,1976,38,44,.463
338,Detroit Pistons,1976,36,46,.439
339,Kansas City Kings,1976,31,51,.378
340,Chicago Bulls,1976,24,58,.293
341,Golden State Warriors,1976,59,23,.720
342,Seattle SuperSonics,1976,43,39,.524
343,Phoenix Suns,1976,42,40,.512
344,Los Angeles Lakers,1976,40,42,.488
345,Portland Trail Blazers,1976,37,45,.451
346,divs_standings_E 1977,1977,W,L,W/L%
347,Philadelphia 76ers,1977,50,32,.610
348,Boston Celtics,1977,44,38,.537
349,New York Knicks,1977,40,42,.488
350,Buffalo Braves,1977,30,52,.366
351,New York Nets,1977,22,60,.268
352,Houston Rockets,1977,49,33,.598
353,Washington Bullets,1977,48,34,.585
354,San Antonio Spurs,1977,44,38,.537
355,Cleveland Cavaliers,1977,43,39,.524
356,New Orleans Jazz,1977,35,47,.427
357,Atlanta Hawks,1977,31,51,.378
358,divs_standings_W 1977,1977,W,L,W/L%
359,Denver Nuggets,1977,50,32,.610
360,Detroit Pistons,1977,44,38,.537
361,Chicago Bulls,1977,44,38,.537
362,Kansas City Kings,1977,40,42,.488
363,Indiana Pacers,1977,36,46,.439
364,Milwaukee Bucks,1977,30,52,.366
365,Los Angeles Lakers,1977,53,29,.646
366,Portland Trail Blazers,1977,49,33,.598
367,Golden State Warriors,1977,46,36,.561
368,Seattle SuperSonics,1977,40,42,.488
369,Phoenix Suns,1977,34,48,.415
370,divs_standings_E 1978,1978,W,L,W/L%
371,Philadelphia 76ers,1978,55,27,.671
372,New York Knicks,1978,43,39,.524
373,Boston Celtics,1978,32,50,.390
374,Buffalo Braves,1978,27,55,.329
375,New Jersey Nets,1978,24,58,.293
376,San Antonio Spurs,1978,52,30,.634
377,Washington Bullets,1978,44,38,.537
378,Cleveland Cavaliers,1978,43,39,.524
379,Atlanta Hawks,1978,41,41,.500
380,New Orleans Jazz,1978,39,43,.476
381,Houston Rockets,1978,28,54,.341
382,divs_standings_W 1978,1978,W,L,W/L%
383,Denver Nuggets,1978,48,34,.585
384,Milwaukee Bucks,1978,44,38,.537
385,Chicago Bulls,1978,40,42,.488
386,Detroit Pistons,1978,38,44,.463
387,Kansas City Kings,1978,31,51,.378
388,Indiana Pacers,1978,31,51,.378
389,Portland Trail Blazers,1978,58,24,.707
390,Phoenix Suns,1978,49,33,.598
391,Seattle SuperSonics,1978,47,35,.573
392,Los Angeles Lakers,1978,45,37,.549
393,Golden State Warriors,1978,43,39,.524
394,divs_standings_E 1979,1979,W,L,W/L%
395,Washington Bullets,1979,54,28,.659
396,Philadelphia 76ers,1979,47,35,.573
397,New Jersey Nets,1979,37,45,.451
398,New York Knicks,1979,31,51,.378
399,Boston Celtics,1979,29,53,.354
400,San Antonio Spurs,1979,48,34,.585
401,Houston Rockets,1979,47,35,.573
402,Atlanta Hawks,1979,46,36,.561
403,Detroit Pistons,1979,30,52,.366
404,Cleveland Cavaliers,1979,30,52,.366
405,New Orleans Jazz,1979,26,56,.317
406,divs_standings_W 1979,1979,W,L,W/L%
407,Kansas City Kings,1979,48,34,.585
408,Denver Nuggets,1979,47,35,.573
409,Milwaukee Bucks,1979,38,44,.463
410,Indiana Pacers,1979,38,44,.463
411,Chicago Bulls,1979,31,51,.378
412,Seattle SuperSonics,1979,52,30,.634
413,Phoenix Suns,1979,50,32,.610
414,Los Angeles Lakers,1979,47,35,.573
415,Portland Trail Blazers,1979,45,37,.549
416,San Diego Clippers,1979,43,39,.524
417,Golden State Warriors,1979,38,44,.463
418,divs_standings_E 1980,1980,W,L,W/L%
419,Boston Celtics,1980,61,21,.744
420,Philadelphia 76ers,1980,59,23,.720
421,Washington Bullets,1980,39,43,.476
422,New York Knicks,1980,39,43,.476
423,New Jersey Nets,1980,34,48,.415
424,Atlanta Hawks,1980,50,32,.610
425,Houston Rockets,1980,41,41,.500
426,San Antonio Spurs,1980,41,41,.500
427,Indiana Pacers,1980,37,45,.451
428,Cleveland Cavaliers,1980,37,45,.451
429,Detroit Pistons,1980,16,66,.195
430,divs_standings_W 1980,1980,W,L,W/L%
431,Milwaukee Bucks,1980,49,33,.598
432,Kansas City Kings,1980,47,35,.573
433,Denver Nuggets,1980,30,52,.366
434,Chicago Bulls,1980,30,52,.366
435,Utah Jazz,1980,24,58,.293
436,Los Angeles Lakers,1980,60,22,.732
437,Seattle SuperSonics,1980,56,26,.683
438,Phoenix Suns,1980,55,27,.671
439,Portland Trail Blazers,1980,38,44,.463
440,San Diego Clippers,1980,35,47,.427
441,Golden State Warriors,1980,24,58,.293
442,divs_standings_E 1981,1981,W,L,W/L%
443,Boston Celtics,1981,62,20,.756
444,Philadelphia 76ers,1981,62,20,.756
445,New York Knicks,1981,50,32,.610
446,Washington Bullets,1981,39,43,.476
447,New Jersey Nets,1981,24,58,.293
448,Milwaukee Bucks,1981,60,22,.732
449,Chicago Bulls,1981,45,37,.549
450,Indiana Pacers,1981,44,38,.537
451,Atlanta Hawks,1981,31,51,.378
452,Cleveland Cavaliers,1981,28,54,.341
453,Detroit Pistons,1981,21,61,.256
454,divs_standings_W 1981,1981,W,L,W/L%
455,San Antonio Spurs,1981,52,30,.634
456,Kansas City Kings,1981,40,42,.488
457,Houston Rockets,1981,40,42,.488
458,Denver Nuggets,1981,37,45,.451
459,Utah Jazz,1981,28,54,.341
460,Dallas Mavericks,1981,15,67,.183
461,Phoenix Suns,1981,57,25,.695
462,Los Angeles Lakers,1981,54,28,.659
463,Portland Trail Blazers,1981,45,37,.549
464,Golden State Warriors,1981,39,43,.476
465,San Diego Clippers,1981,36,46,.439
466,Seattle SuperSonics,1981,34,48,.415
467,divs_standings_E 1982,1982,W,L,W/L%
468,Boston Celtics,1982,63,19,.768
469,Philadelphia 76ers,1982,58,24,.707
470,New Jersey Nets,1982,44,38,.537
471,Washington Bullets,1982,43,39,.524
472,New York Knicks,1982,33,49,.402
473,Milwaukee Bucks,1982,55,27,.671
474,Atlanta Hawks,1982,42,40,.512
475,Detroit Pistons,1982,39,43,.476
476,Indiana Pacers,1982,35,47,.427
477,Chicago Bulls,1982,34,48,.415
478,Cleveland Cavaliers,1982,15,67,.183
479,divs_standings_W 1982,1982,W,L,W/L%
480,San Antonio Spurs,1982,48,34,.585
481,Denver Nuggets,1982,46,36,.561
482,Houston Rockets,1982,46,36,.561
483,Kansas City Kings,1982,30,52,.366
484,Dallas Mavericks,1982,28,54,.341
485,Utah Jazz,1982,25,57,.305
486,Los Angeles Lakers,1982,57,25,.695
487,Seattle SuperSonics,1982,52,30,.634
488,Phoenix Suns,1982,46,36,.561
489,Golden State Warriors,1982,45,37,.549
490,Portland Trail Blazers,1982,42,40,.512
491,San Diego Clippers,1982,17,65,.207
492,divs_standings_E 1983,1983,W,L,W/L%
493,Philadelphia 76ers,1983,65,17,.793
494,Boston Celtics,1983,56,26,.683
495,New Jersey Nets,1983,49,33,.598
496,New York Knicks,1983,44,38,.537
497,Washington Bullets,1983,42,40,.512
498,Milwaukee Bucks,1983,51,31,.622
499,Atlanta Hawks,1983,43,39,.524
500,Detroit Pistons,1983,37,45,.451
501,Chicago Bulls,1983,28,54,.341
502,Cleveland Cavaliers,1983,23,59,.280
503,Indiana Pacers,1983,20,62,.244
504,divs_standings_W 1983,1983,W,L,W/L%
505,San Antonio Spurs,1983,53,29,.646
506,Denver Nuggets,1983,45,37,.549
507,Kansas City Kings,1983,45,37,.549
508,Dallas Mavericks,1983,38,44,.463
509,Utah Jazz,1983,30,52,.366
510,Houston Rockets,1983,14,68,.171
511,Los Angeles Lakers,1983,58,24,.707
512,Phoenix Suns,1983,53,29,.646
513,Seattle SuperSonics,1983,48,34,.585
514,Portland Trail Blazers,1983,46,36,.561
515,Golden State Warriors,1983,30,52,.366
516,San Diego Clippers,1983,25,57,.305
517,divs_standings_E 1984,1984,W,L,W/L%
518,Boston Celtics,1984,62,20,.756
519,Philadelphia 76ers,1984,52,30,.634
520,New York Knicks,1984,47,35,.573
521,New Jersey Nets,1984,45,37,.549
522,Washington Bullets,1984,35,47,.427
523,Milwaukee Bucks,1984,50,32,.610
524,Detroit Pistons,1984,49,33,.598
525,Atlanta Hawks,1984,40,42,.488
526,Cleveland Cavaliers,1984,28,54,.341
527,Chicago Bulls,1984,27,55,.329
528,Indiana Pacers,1984,26,56,.317
529,divs_standings_W 1984,1984,W,L,W/L%
530,Utah Jazz,1984,45,37,.549
531,Dallas Mavericks,1984,43,39,.524
532,Denver Nuggets,1984,38,44,.463
533,Kansas City Kings,1984,38,44,.463
534,San Antonio Spurs,1984,37,45,.451
535,Houston Rockets,1984,29,53,.354
536,Los Angeles Lakers,1984,54,28,.659
537,Portland Trail Blazers,1984,48,34,.585
538,Seattle SuperSonics,1984,42,40,.512
539,Phoenix Suns,1984,41,41,.500
540,Golden State Warriors,1984,37,45,.451
541,San Diego Clippers,1984,30,52,.366
542,divs_standings_E 1985,1985,W,L,W/L%
543,Boston Celtics,1985,63,19,.768
544,Philadelphia 76ers,1985,58,24,.707
545,New Jersey Nets,1985,42,40,.512
546,Washington Bullets,1985,40,42,.488
547,New York Knicks,1985,24,58,.293
548,Milwaukee Bucks,1985,59,23,.720
549,Detroit Pistons,1985,46,36,.561
550,Chicago Bulls,1985,38,44,.463
551,Cleveland Cavaliers,1985,36,46,.439
552,Atlanta Hawks,1985,34,48,.415
553,Indiana Pacers,1985,22,60,.268
554,divs_standings_W 1985,1985,W,L,W/L%
555,Denver Nuggets,1985,52,30,.634
556,Houston Rockets,1985,48,34,.585
557,Dallas Mavericks,1985,44,38,.537
558,Utah Jazz,1985,41,41,.500
559,San Antonio Spurs,1985,41,41,.500
560,Kansas City Kings,1985,31,51,.378
561,Los Angeles Lakers,1985,62,20,.756
562,Portland Trail Blazers,1985,42,40,.512
563,Phoenix Suns,1985,36,46,.439
564,Seattle SuperSonics,1985,31,51,.378
565,Los Angeles Clippers,1985,31,51,.378
566,Golden State Warriors,1985,22,60,.268
567,divs_standings_E 1986,1986,W,L,W/L%
568,Boston Celtics,1986,67,15,.817
569,Philadelphia 76ers,1986,54,28,.659
570,Washington Bullets,1986,39,43,.476
571,New Jersey Nets,1986,39,43,.476
572,New York Knicks,1986,23,59,.280
573,Milwaukee Bucks,1986,57,25,.695
574,Atlanta Hawks,1986,50,32,.610
575,Detroit Pistons,1986,46,36,.561
576,Chicago Bulls,1986,30,52,.366
577,Cleveland Cavaliers,1986,29,53,.354
578,Indiana Pacers,1986,26,56,.317
579,divs_standings_W 1986,1986,W,L,W/L%
580,Houston Rockets,1986,51,31,.622
581,Denver Nuggets,1986,47,35,.573
582,Dallas Mavericks,1986,44,38,.537
583,Utah Jazz,1986,42,40,.512
584,Sacramento Kings,1986,37,45,.451
585,San Antonio Spurs,1986,35,47,.427
586,Los Angeles Lakers,1986,62,20,.756
587,Portland Trail Blazers,1986,40,42,.488
588,Phoenix Suns,1986,32,50,.390
589,Los Angeles Clippers,1986,32,50,.390
590,Seattle SuperSonics,1986,31,51,.378
591,Golden State Warriors,1986,30,52,.366
592,divs_standings_E 1987,1987,W,L,W/L%
593,Boston Celtics,1987,59,23,.720
594,Philadelphia 76ers,1987,45,37,.549
595,Washington Bullets,1987,42,40,.512
596,New Jersey Nets,1987,24,58,.293
597,New York Knicks,1987,24,58,.293
598,Atlanta Hawks,1987,57,25,.695
599,Detroit Pistons,1987,52,30,.634
600,Milwaukee Bucks,1987,50,32,.610
601,Indiana Pacers,1987,41,41,.500
602,Chicago Bulls,1987,40,42,.488
603,Cleveland Cavaliers,1987,31,51,.378
604,divs_standings_W 1987,1987,W,L,W/L%
605,Dallas Mavericks,1987,55,27,.671
606,Utah Jazz,1987,44,38,.537
607,Houston Rockets,1987,42,40,.512
608,Denver Nuggets,1987,37,45,.451
609,Sacramento Kings,1987,29,53,.354
610,San Antonio Spurs,1987,28,54,.341
611,Los Angeles Lakers,1987,65,17,.793
612,Portland Trail Blazers,1987,49,33,.598
613,Golden State Warriors,1987,42,40,.512
614,Seattle SuperSonics,1987,39,43,.476
615,Phoenix Suns,1987,36,46,.439
616,Los Angeles Clippers,1987,12,70,.146
617,divs_standings_E 1988,1988,W,L,W/L%
618,Boston Celtics,1988,57,25,.695
619,Washington Bullets,1988,38,44,.463
620,New York Knicks,1988,38,44,.463
621,Philadelphia 76ers,1988,36,46,.439
622,New Jersey Nets,1988,19,63,.232
623,Detroit Pistons,1988,54,28,.659
624,Chicago Bulls,1988,50,32,.610
625,Atlanta Hawks,1988,50,32,.610
626,Milwaukee Bucks,1988,42,40,.512
627,Cleveland Cavaliers,1988,42,40,.512
628,Indiana Pacers,1988,38,44,.463
629,divs_standings_W 1988,1988,W,L,W/L%
630,Denver Nuggets,1988,54,28,.659
631,Dallas Mavericks,1988,53,29,.646
632,Utah Jazz,1988,47,35,.573
633,Houston Rockets,1988,46,36,.561
634,San Antonio Spurs,1988,31,51,.378
635,Sacramento Kings,1988,24,58,.293
636,Los Angeles Lakers,1988,62,20,.756
637,Portland Trail Blazers,1988,53,29,.646
638,Seattle SuperSonics,1988,44,38,.537
639,Phoenix Suns,1988,28,54,.341
640,Golden State Warriors,1988,20,62,.244
641,Los Angeles Clippers,1988,17,65,.207
642,divs_standings_E 1989,1989,W,L,W/L%
643,New York Knicks,1989,52,30,.634
644,Philadelphia 76ers,1989,46,36,.561
645,Boston Celtics,1989,42,40,.512
646,Washington Bullets,1989,40,42,.488
647,New Jersey Nets,1989,26,56,.317
648,Charlotte Hornets,1989,20,62,.244
649,Detroit Pistons,1989,63,19,.768
650,Cleveland Cavaliers,1989,57,25,.695
651,Atlanta Hawks,1989,52,30,.634
652,Milwaukee Bucks,1989,49,33,.598
653,Chicago Bulls,1989,47,35,.573
654,Indiana Pacers,1989,28,54,.341
655,divs_standings_W 1989,1989,W,L,W/L%
656,Utah Jazz,1989,51,31,.622
657,Houston Rockets,1989,45,37,.549
658,Denver Nuggets,1989,44,38,.537
659,Dallas Mavericks,1989,38,44,.463
660,San Antonio Spurs,1989,21,61,.256
661,Miami Heat,1989,15,67,.183
662,Los Angeles Lakers,1989,57,25,.695
663,Phoenix Suns,1989,55,27,.671
664,Seattle SuperSonics,1989,47,35,.573
665,Golden State Warriors,1989,43,39,.524
666,Portland Trail Blazers,1989,39,43,.476
667,Sacramento Kings,1989,27,55,.329
668,Los Angeles Clippers,1989,21,61,.256
669,divs_standings_E 1990,1990,W,L,W/L%
670,Philadelphia 76ers,1990,53,29,.646
671,Boston Celtics,1990,52,30,.634
672,New York Knicks,1990,45,37,.549
673,Washington Bullets,1990,31,51,.378
674,Miami Heat,1990,18,64,.220
675,New Jersey Nets,1990,17,65,.207
676,Detroit Pistons,1990,59,23,.720
677,Chicago Bulls,1990,55,27,.671
678,Milwaukee Bucks,1990,44,38,.537
679,Cleveland Cavaliers,1990,42,40,.512
680,Indiana Pacers,1990,42,40,.512
681,Atlanta Hawks,1990,41,41,.500
682,Orlando Magic,1990,18,64,.220
683,divs_standings_W 1990,1990,W,L,W/L%
684,San Antonio Spurs,1990,56,26,.683
685,Utah Jazz,1990,55,27,.671
686,Dallas Mavericks,1990,47,35,.573
687,Denver Nuggets,1990,43,39,.524
688,Houston Rockets,1990,41,41,.500
689,Minnesota Timberwolves,1990,22,60,.268
690,Charlotte Hornets,1990,19,63,.232
691,Los Angeles Lakers,1990,63,19,.768
692,Portland Trail Blazers,1990,59,23,.720
693,Phoenix Suns,1990,54,28,.659
694,Seattle SuperSonics,1990,41,41,.500
695,Golden State Warriors,1990,37,45,.451
696,Los Angeles Clippers,1990,30,52,.366
697,Sacramento Kings,1990,23,59,.280
698,divs_standings_E 1991,1991,W,L,W/L%
699,Boston Celtics,1991,56,26,.683
700,Philadelphia 76ers,1991,44,38,.537
701,New York Knicks,1991,39,43,.476
702,Washington Bullets,1991,30,52,.366
703,New Jersey Nets,1991,26,56,.317
704,Miami Heat,1991,24,58,.293
705,Chicago Bulls,1991,61,21,.744
706,Detroit Pistons,1991,50,32,.610
707,Milwaukee Bucks,1991,48,34,.585
708,Atlanta Hawks,1991,43,39,.524
709,Indiana Pacers,1991,41,41,.500
710,Cleveland Cavaliers,1991,33,49,.402
711,Charlotte Hornets,1991,26,56,.317
712,divs_standings_W 1991,1991,W,L,W/L%
713,San Antonio Spurs,1991,55,27,.671
714,Utah Jazz,1991,54,28,.659
715,Houston Rockets,1991,52,30,.634
716,Orlando Magic,1991,31,51,.378
717,Minnesota Timberwolves,1991,29,53,.354
718,Dallas Mavericks,1991,28,54,.341
719,Denver Nuggets,1991,20,62,.244
720,Portland Trail Blazers,1991,63,19,.768
721,Los Angeles Lakers,1991,58,24,.707
722,Phoenix Suns,1991,55,27,.671
723,Golden State Warriors,1991,44,38,.537
724,Seattle SuperSonics,1991,41,41,.500
725,Los Angeles Clippers,1991,31,51,.378
726,Sacramento Kings,1991,25,57,.305
727,divs_standings_E 1992,1992,W,L,W/L%
728,Boston Celtics,1992,51,31,.622
729,New York Knicks,1992,51,31,.622
730,New Jersey Nets,1992,40,42,.488
731,Miami Heat,1992,38,44,.463
732,Philadelphia 76ers,1992,35,47,.427
733,Washington Bullets,1992,25,57,.305
734,Orlando Magic,1992,21,61,.256
735,Chicago Bulls,1992,67,15,.817
736,Cleveland Cavaliers,1992,57,25,.695
737,Detroit Pistons,1992,48,34,.585
738,Indiana Pacers,1992,40,42,.488
739,Atlanta Hawks,1992,38,44,.463
740,Milwaukee Bucks,1992,31,51,.378
741,Charlotte Hornets,1992,31,51,.378
742,divs_standings_W 1992,1992,W,L,W/L%
743,Utah Jazz,1992,55,27,.671
744,San Antonio Spurs,1992,47,35,.573
745,Houston Rockets,1992,42,40,.512
746,Denver Nuggets,1992,24,58,.293
747,Dallas Mavericks,1992,22,60,.268
748,Minnesota Timberwolves,1992,15,67,.183
749,Portland Trail Blazers,1992,57,25,.695
750,Golden State Warriors,1992,55,27,.671
751,Phoenix Suns,1992,53,29,.646
752,Seattle SuperSonics,1992,47,35,.573
753,Los Angeles Clippers,1992,45,37,.549
754,Los Angeles Lakers,1992,43,39,.524
755,Sacramento Kings,1992,29,53,.354
756,divs_standings_E 1993,1993,W,L,W/L%
757,New York Knicks,1993,60,22,.732
758,Boston Celtics,1993,48,34,.585
759,New Jersey Nets,1993,43,39,.524
760,Orlando Magic,1993,41,41,.500
761,Miami Heat,1993,36,46,.439
762,Philadelphia 76ers,1993,26,56,.317
763,Washington Bullets,1993,22,60,.268
764,Chicago Bulls,1993,57,25,.695
765,Cleveland Cavaliers,1993,54,28,.659
766,Charlotte Hornets,1993,44,38,.537
767,Atlanta Hawks,1993,43,39,.524
768,Indiana Pacers,1993,41,41,.500
769,Detroit Pistons,1993,40,42,.488
770,Milwaukee Bucks,1993,28,54,.341
771,divs_standings_W 1993,1993,W,L,W/L%
772,Houston Rockets,1993,55,27,.671
773,San Antonio Spurs,1993,49,33,.598
774,Utah Jazz,1993,47,35,.573
775,Denver Nuggets,1993,36,46,.439
776,Minnesota Timberwolves,1993,19,63,.232
777,Dallas Mavericks,1993,11,71,.134
778,Phoenix Suns,1993,62,20,.756
779,Seattle SuperSonics,1993,55,27,.671
780,Portland Trail Blazers,1993,51,31,.622
781,Los Angeles Clippers,1993,41,41,.500
782,Los Angeles Lakers,1993,39,43,.476
783,Golden State Warriors,1993,34,48,.415
784,Sacramento Kings,1993,25,57,.305
785,divs_standings_E 1994,1994,W,L,W/L%
786,New York Knicks,1994,57,25,.695
787,Orlando Magic,1994,50,32,.610
788,New Jersey Nets,1994,45,37,.549
789,Miami Heat,1994,42,40,.512
790,Boston Celtics,1994,32,50,.390
791,Philadelphia 76ers,1994,25,57,.305
792,Washington Bullets,1994,24,58,.293
793,Atlanta Hawks,1994,57,25,.695
794,Chicago Bulls,1994,55,27,.671
795,Indiana Pacers,1994,47,35,.573
796,Cleveland Cavaliers,1994,47,35,.573
797,Charlotte Hornets,1994,41,41,.500
798,Milwaukee Bucks,1994,20,62,.244
799,Detroit Pistons,1994,20,62,.244
800,divs_standings_W 1994,1994,W,L,W/L%
801,Houston Rockets,1994,58,24,.707
802,San Antonio Spurs,1994,55,27,.671
803,Utah Jazz,1994,53,29,.646
804,Denver Nuggets,1994,42,40,.512
805,Minnesota Timberwolves,1994,20,62,.244
806,Dallas Mavericks,1994,13,69,.159
807,Seattle SuperSonics,1994,63,19,.768
808,Phoenix Suns,1994,56,26,.683
809,Golden State Warriors,1994,50,32,.610
810,Portland Trail Blazers,1994,47,35,.573
811,Los Angeles Lakers,1994,33,49,.402
812,Sacramento Kings,1994,28,54,.341
813,Los Angeles Clippers,1994,27,55,.329
814,divs_standings_E 1995,1995,W,L,W/L%
815,Orlando Magic,1995,57,25,.695
816,New York Knicks,1995,55,27,.671
817,Boston Celtics,1995,35,47,.427
818,Miami Heat,1995,32,50,.390
819,New Jersey Nets,1995,30,52,.366
820,Philadelphia 76ers,1995,24,58,.293
821,Washington Bullets,1995,21,61,.256
822,Indiana Pacers,1995,52,30,.634
823,Charlotte Hornets,1995,50,32,.610
824,Chicago Bulls,1995,47,35,.573
825,Cleveland Cavaliers,1995,43,39,.524
826,Atlanta Hawks,1995,42,40,.512
827,Milwaukee Bucks,1995,34,48,.415
828,Detroit Pistons,1995,28,54,.341
829,divs_standings_W 1995,1995,W,L,W/L%
830,San Antonio Spurs,1995,62,20,.756
831,Utah Jazz,1995,60,22,.732
832,Houston Rockets,1995,47,35,.573
833,Denver Nuggets,1995,41,41,.500
834,Dallas Mavericks,1995,36,46,.439
835,Minnesota Timberwolves,1995,21,61,.256
836,Phoenix Suns,1995,59,23,.720
837,Seattle SuperSonics,1995,57,25,.695
838,Los Angeles Lakers,1995,48,34,.585
839,Portland Trail Blazers,1995,44,38,.537
840,Sacramento Kings,1995,39,43,.476
841,Golden State Warriors,1995,26,56,.317
842,Los Angeles Clippers,1995,17,65,.207
843,divs_standings_E 1996,1996,W,L,W/L%
844,Orlando Magic,1996,60,22,.732
845,New York Knicks,1996,47,35,.573
846,Miami Heat,1996,42,40,.512
847,Washington Bullets,1996,39,43,.476
848,Boston Celtics,1996,33,49,.402
849,New Jersey Nets,1996,30,52,.366
850,Philadelphia 76ers,1996,18,64,.220
851,Chicago Bulls,1996,72,10,.878
852,Indiana Pacers,1996,52,30,.634
853,Cleveland Cavaliers,1996,47,35,.573
854,Atlanta Hawks,1996,46,36,.561
855,Detroit Pistons,1996,46,36,.561
856,Charlotte Hornets,1996,41,41,.500
857,Milwaukee Bucks,1996,25,57,.305
858,Toronto Raptors,1996,21,61,.256
859,divs_standings_W 1996,1996,W,L,W/L%
860,San Antonio Spurs,1996,59,23,.720
861,Utah Jazz,1996,55,27,.671
862,Houston Rockets,1996,48,34,.585
863,Denver Nuggets,1996,35,47,.427
864,Minnesota Timberwolves,1996,26,56,.317
865,Dallas Mavericks,1996,26,56,.317
866,Vancouver Grizzlies,1996,15,67,.183
867,Seattle SuperSonics,1996,64,18,.780
868,Los Angeles Lakers,1996,53,29,.646
869,Portland Trail Blazers,1996,44,38,.537
870,Phoenix Suns,1996,41,41,.500
871,Sacramento Kings,1996,39,43,.476
872,Golden State Warriors,1996,36,46,.439
873,Los Angeles Clippers,1996,29,53,.354
874,divs_standings_E 1997,1997,W,L,W/L%
875,Miami Heat,1997,61,21,.744
876,New York Knicks,1997,57,25,.695
877,Orlando Magic,1997,45,37,.549
878,Washington Bullets,1997,44,38,.537
879,New Jersey Nets,1997,26,56,.317
880,Philadelphia 76ers,1997,22,60,.268
881,Boston Celtics,1997,15,67,.183
882,Chicago Bulls,1997,69,13,.841
883,Atlanta Hawks,1997,56,26,.683
884,Detroit Pistons,1997,54,28,.659
885,Charlotte Hornets,1997,54,28,.659
886,Cleveland Cavaliers,1997,42,40,.512
887,Indiana Pacers,1997,39,43,.476
888,Milwaukee Bucks,1997,33,49,.402
889,Toronto Raptors,1997,30,52,.366
890,divs_standings_W 1997,1997,W,L,W/L%
891,Utah Jazz,1997,64,18,.780
892,Houston Rockets,1997,57,25,.695
893,Minnesota Timberwolves,1997,40,42,.488
894,Dallas Mavericks,1997,24,58,.293
895,Denver Nuggets,1997,21,61,.256
896,San Antonio Spurs,1997,20,62,.244
897,Vancouver Grizzlies,1997,14,68,.171
898,Seattle SuperSonics,1997,57,25,.695
899,Los Angeles Lakers,1997,56,26,.683
900,Portland Trail Blazers,1997,49,33,.598
901,Phoenix Suns,1997,40,42,.488
902,Los Angeles Clippers,1997,36,46,.439
903,Sacramento Kings,1997,34,48,.415
904,Golden State Warriors,1997,30,52,.366
905,divs_standings_E 1998,1998,W,L,W/L%
906,Miami Heat,1998,55,27,.671
907,New York Knicks,1998,43,39,.524
908,New Jersey Nets,1998,43,39,.524
909,Washington Wizards,1998,42,40,.512
910,Orlando Magic,1998,41,41,.500
911,Boston Celtics,1998,36,46,.439
912,Philadelphia 76ers,1998,31,51,.378
913,Chicago Bulls,1998,62,20,.756
914,Indiana Pacers,1998,58,24,.707
915,Charlotte Hornets,1998,51,31,.622
916,Atlanta Hawks,1998,50,32,.610
917,Cleveland Cavaliers,1998,47,35,.573
918,Detroit Pistons,1998,37,45,.451
919,Milwaukee Bucks,1998,36,46,.439
920,Toronto Raptors,1998,16,66,.195
921,divs_standings_W 1998,1998,W,L,W/L%
922,Utah Jazz,1998,62,20,.756
923,San Antonio Spurs,1998,56,26,.683
924,Minnesota Timberwolves,1998,45,37,.549
925,Houston Rockets,1998,41,41,.500
926,Dallas Mavericks,1998,20,62,.244
927,Vancouver Grizzlies,1998,19,63,.232
928,Denver Nuggets,1998,11,71,.134
929,Seattle SuperSonics,1998,61,21,.744
930,Los Angeles Lakers,1998,61,21,.744
931,Phoenix Suns,1998,56,26,.683
932,Portland Trail Blazers,1998,46,36,.561
933,Sacramento Kings,1998,27,55,.329
934,Golden State Warriors,1998,19,63,.232
935,Los Angeles Clippers,1998,17,65,.207
936,divs_standings_E 1999,1999,W,L,W/L%
937,Miami Heat,1999,33,17,.660
938,Orlando Magic,1999,33,17,.660
939,Philadelphia 76ers,1999,28,22,.560
940,New York Knicks,1999,27,23,.540
941,Boston Celtics,1999,19,31,.380
942,Washington Wizards,1999,18,32,.360
943,New Jersey Nets,1999,16,34,.320
944,Indiana Pacers,1999,33,17,.660
945,Atlanta Hawks,1999,31,19,.620
946,Detroit Pistons,1999,29,21,.580
947,Milwaukee Bucks,1999,28,22,.560
948,Charlotte Hornets,1999,26,24,.520
949,Toronto Raptors,1999,23,27,.460
950,Cleveland Cavaliers,1999,22,28,.440
951,Chicago Bulls,1999,13,37,.260
952,divs_standings_W 1999,1999,W,L,W/L%
953,San Antonio Spurs,1999,37,13,.740
954,Utah Jazz,1999,37,13,.740
955,Houston Rockets,1999,31,19,.620
956,Minnesota Timberwolves,1999,25,25,.500
957,Dallas Mavericks,1999,19,31,.380
958,Denver Nuggets,1999,14,36,.280
959,Vancouver Grizzlies,1999,8,42,.160
960,Portland Trail Blazers,1999,35,15,.700
961,Los Angeles Lakers,1999,31,19,.620
962,Phoenix Suns,1999,27,23,.540
963,Sacramento Kings,1999,27,23,.540
964,Seattle SuperSonics,1999,25,25,.500
965,Golden State Warriors,1999,21,29,.420
966,Los Angeles Clippers,1999,9,41,.180
967,divs_standings_E 2000,2000,W,L,W/L%
968,Miami Heat,2000,52,30,.634
969,New York Knicks,2000,50,32,.610
970,Philadelphia 76ers,2000,49,33,.598
971,Orlando Magic,2000,41,41,.500
972,Boston Celtics,2000,35,47,.427
973,New Jersey Nets,2000,31,51,.378
974,Washington Wizards,2000,29,53,.354
975,Indiana Pacers,2000,56,26,.683
976,Charlotte Hornets,2000,49,33,.598
977,Toronto Raptors,2000,45,37,.549
978,Detroit Pistons,2000,42,40,.512
979,Milwaukee Bucks,2000,42,40,.512
980,Cleveland Cavaliers,2000,32,50,.390
981,Atlanta Hawks,2000,28,54,.341
982,Chicago Bulls,2000,17,65,.207
983,divs_standings_W 2000,2000,W,L,W/L%
984,Utah Jazz,2000,55,27,.671
985,San Antonio Spurs,2000,53,29,.646
986,Minnesota Timberwolves,2000,50,32,.610
987,Dallas Mavericks,2000,40,42,.488
988,Denver Nuggets,2000,35,47,.427
989,Houston Rockets,2000,34,48,.415
990,Vancouver Grizzlies,2000,22,60,.268
991,Los Angeles Lakers,2000,67,15,.817
992,Portland Trail Blazers,2000,59,23,.720
993,Phoenix Suns,2000,53,29,.646
994,Seattle SuperSonics,2000,45,37,.549
995,Sacramento Kings,2000,44,38,.537
996,Golden State Warriors,2000,19,63,.232
997,Los Angeles Clippers,2000,15,67,.183
998,divs_standings_E 2001,2001,W,L,W/L%
999,Philadelphia 76ers,2001,56,26,.683
1000,Miami Heat,2001,50,32,.610
1001,New York Knicks,2001,48,34,.585
1002,Orlando Magic,2001,43,39,.524
1003,Boston Celtics,2001,36,46,.439
1004,New Jersey Nets,2001,26,56,.317
1005,Washington Wizards,2001,19,63,.232
1006,Milwaukee Bucks,2001,52,30,.634
1007,Toronto Raptors,2001,47,35,.573
1008,Charlotte Hornets,2001,46,36,.561
1009,Indiana Pacers,2001,41,41,.500
1010,Detroit Pistons,2001,32,50,.390
1011,Cleveland Cavaliers,2001,30,52,.366
1012,Atlanta Hawks,2001,25,57,.305
1013,Chicago Bulls,2001,15,67,.183
1014,divs_standings_W 2001,2001,W,L,W/L%
1015,San Antonio Spurs,2001,58,24,.707
1016,Utah Jazz,2001,53,29,.646
1017,Dallas Mavericks,2001,53,29,.646
1018,Minnesota Timberwolves,2001,47,35,.573
1019,Houston Rockets,2001,45,37,.549
1020,Denver Nuggets,2001,40,42,.488
1021,Vancouver Grizzlies,2001,23,59,.280
1022,Los Angeles Lakers,2001,56,26,.683
1023,Sacramento Kings,2001,55,27,.671
1024,Phoenix Suns,2001,51,31,.622
1025,Portland Trail Blazers,2001,50,32,.610
1026,Seattle SuperSonics,2001,44,38,.537
1027,Los Angeles Clippers,2001,31,51,.378
1028,Golden State Warriors,2001,17,65,.207
1029,divs_standings_E 2002,2002,W,L,W/L%
1030,New Jersey Nets,2002,52,30,.634
1031,Boston Celtics,2002,49,33,.598
1032,Orlando Magic,2002,44,38,.537
1033,Philadelphia 76ers,2002,43,39,.524
1034,Washington Wizards,2002,37,45,.451
1035,Miami Heat,2002,36,46,.439
1036,New York Knicks,2002,30,52,.366
1037,Detroit Pistons,2002,50,32,.610
1038,Charlotte Hornets,2002,44,38,.537
1039,Toronto Raptors,2002,42,40,.512
1040,Indiana Pacers,2002,42,40,.512
1041,Milwaukee Bucks,2002,41,41,.500
1042,Atlanta Hawks,2002,33,49,.402
1043,Cleveland Cavaliers,2002,29,53,.354
1044,Chicago Bulls,2002,21,61,.256
1045,divs_standings_W 2002,2002,W,L,W/L%
1046,San Antonio Spurs,2002,58,24,.707
1047,Dallas Mavericks,2002,57,25,.695
1048,Minnesota Timberwolves,2002,50,32,.610
1049,Utah Jazz,2002,44,38,.537
1050,Houston Rockets,2002,28,54,.341
1051,Denver Nuggets,2002,27,55,.329
1052,Memphis Grizzlies,2002,23,59,.280
1053,Sacramento Kings,2002,61,21,.744
1054,Los Angeles Lakers,2002,58,24,.707
1055,Portland Trail Blazers,2002,49,33,.598
1056,Seattle SuperSonics,2002,45,37,.549
1057,Los Angeles Clippers,2002,39,43,.476
1058,Phoenix Suns,2002,36,46,.439
1059,Golden State Warriors,2002,21,61,.256
1060,divs_standings_E 2003,2003,W,L,W/L%
1061,New Jersey Nets,2003,49,33,.598
1062,Philadelphia 76ers,2003,48,34,.585
1063,Boston Celtics,2003,44,38,.537
1064,Orlando Magic,2003,42,40,.512
1065,Washington Wizards,2003,37,45,.451
1066,New York Knicks,2003,37,45,.451
1067,Miami Heat,2003,25,57,.305
1068,Detroit Pistons,2003,50,32,.610
1069,Indiana Pacers,2003,48,34,.585
1070,New Orleans Hornets,2003,47,35,.573
1071,Milwaukee Bucks,2003,42,40,.512
1072,Atlanta Hawks,2003,35,47,.427
1073,Chicago Bulls,2003,30,52,.366
1074,Toronto Raptors,2003,24,58,.293
1075,Cleveland Cavaliers,2003,17,65,.207
1076,divs_standings_W 2003,2003,W,L,W/L%
1077,San Antonio Spurs,2003,60,22,.732
1078,Dallas Mavericks,2003,60,22,.732
1079,Minnesota Timberwolves,2003,51,31,.622
1080,Utah Jazz,2003,47,35,.573
1081,Houston Rockets,2003,43,39,.524
1082,Memphis Grizzlies,2003,28,54,.341
1083,Denver Nuggets,2003,17,65,.207
1084,Sacramento Kings,2003,59,23,.720
1085,Los Angeles Lakers,2003,50,32,.610
1086,Portland Trail Blazers,2003,50,32,.610
1087,Phoenix Suns,2003,44,38,.537
1088,Seattle SuperSonics,2003,40,42,.488
1089,Golden State Warriors,2003,38,44,.463
1090,Los Angeles Clippers,2003,27,55,.329
1091,divs_standings_E 2004,2004,W,L,W/L%
1092,New Jersey Nets,2004,47,35,.573
1093,Miami Heat,2004,42,40,.512
1094,New York Knicks,2004,39,43,.476
1095,Boston Celtics,2004,36,46,.439
1096,Philadelphia 76ers,2004,33,49,.402
1097,Washington Wizards,2004,25,57,.305
1098,Orlando Magic,2004,21,61,.256
1099,Indiana Pacers,2004,61,21,.744
1100,Detroit Pistons,2004,54,28,.659
1101,New Orleans Hornets,2004,41,41,.500
1102,Milwaukee Bucks,2004,41,41,.500
1103,Cleveland Cavaliers,2004,35,47,.427
1104,Toronto Raptors,2004,33,49,.402
1105,Atlanta Hawks,2004,28,54,.341
1106,Chicago Bulls,2004,23,59,.280
1107,divs_standings_W 2004,2004,W,L,W/L%
1108,Minnesota Timberwolves,2004,58,24,.707
1109,San Antonio Spurs,2004,57,25,.695
1110,Dallas Mavericks,2004,52,30,.634
1111,Memphis Grizzlies,2004,50,32,.610
1112,Houston Rockets,2004,45,37,.549
1113,Denver Nuggets,2004,43,39,.524
1114,Utah Jazz,2004,42,40,.512
1115,Los Angeles Lakers,2004,56,26,.683
1116,Sacramento Kings,2004,55,27,.671
1117,Portland Trail Blazers,2004,41,41,.500
1118,Golden State Warriors,2004,37,45,.451
1119,Seattle SuperSonics,2004,37,45,.451
1120,Phoenix Suns,2004,29,53,.354
1121,Los Angeles Clippers,2004,28,54,.341
1122,divs_standings_E 2005,2005,W,L,W/L%
1123,Boston Celtics,2005,45,37,.549
1124,Philadelphia 76ers,2005,43,39,.524
1125,New Jersey Nets,2005,42,40,.512
1126,Toronto Raptors,2005,33,49,.402
1127,New York Knicks,2005,33,49,.402
1128,Detroit Pistons,2005,54,28,.659
1129,Chicago Bulls,2005,47,35,.573
1130,Indiana Pacers,2005,44,38,.537
1131,Cleveland Cavaliers,2005,42,40,.512
1132,Milwaukee Bucks,2005,30,52,.366
1133,Miami Heat,2005,59,23,.720
1134,Washington Wizards,2005,45,37,.549
1135,Orlando Magic,2005,36,46,.439
1136,Charlotte Bobcats,2005,18,64,.220
1137,Atlanta Hawks,2005,13,69,.159
1138,divs_standings_W 2005,2005,W,L,W/L%
1139,Seattle SuperSonics,2005,52,30,.634
1140,Denver Nuggets,2005,49,33,.598
1141,Minnesota Timberwolves,2005,44,38,.537
1142,Portland Trail Blazers,2005,27,55,.329
1143,Utah Jazz,2005,26,56,.317
1144,Phoenix Suns,2005,62,20,.756
1145,Sacramento Kings,2005,50,32,.610
1146,Los Angeles Clippers,2005,37,45,.451
1147,Los Angeles Lakers,2005,34,48,.415
1148,Golden State Warriors,2005,34,48,.415
1149,San Antonio Spurs,2005,59,23,.720
1150,Dallas Mavericks,2005,58,24,.707
1151,Houston Rockets,2005,51,31,.622
1152,Memphis Grizzlies,2005,45,37,.549
1153,New Orleans Hornets,2005,18,64,.220
1154,divs_standings_E 2006,2006,W,L,W/L%
1155,New Jersey Nets,2006,49,33,.598
1156,Philadelphia 76ers,2006,38,44,.463
1157,Boston Celtics,2006,33,49,.402
1158,Toronto Raptors,2006,27,55,.329
1159,New York Knicks,2006,23,59,.280
1160,Detroit Pistons,2006,64,18,.780
1161,Cleveland Cavaliers,2006,50,32,.610
1162,Indiana Pacers,2006,41,41,.500
1163,Chicago Bulls,2006,41,41,.500
1164,Milwaukee Bucks,2006,40,42,.488
1165,Miami Heat,2006,52,30,.634
1166,Washington Wizards,2006,42,40,.512
1167,Orlando Magic,2006,36,46,.439
1168,Charlotte Bobcats,2006,26,56,.317
1169,Atlanta Hawks,2006,26,56,.317
1170,divs_standings_W 2006,2006,W,L,W/L%
1171,Denver Nuggets,2006,44,38,.537
1172,Utah Jazz,2006,41,41,.500
1173,Seattle SuperSonics,2006,35,47,.427
1174,Minnesota Timberwolves,2006,33,49,.402
1175,Portland Trail Blazers,2006,21,61,.256
1176,Phoenix Suns,2006,54,28,.659
1177,Los Angeles Clippers,2006,47,35,.573
1178,Los Angeles Lakers,2006,45,37,.549
1179,Sacramento Kings,2006,44,38,.537
1180,Golden State Warriors,2006,34,48,.415
1181,San Antonio Spurs,2006,63,19,.768
1182,Dallas Mavericks,2006,60,22,.732
1183,Memphis Grizzlies,2006,49,33,.598
1184,New Orleans/Oklahoma City Hornets,2006,38,44,.463
1185,Houston Rockets,2006,34,48,.415
1186,divs_standings_E 2007,2007,W,L,W/L%
1187,Toronto Raptors,2007,47,35,.573
1188,New Jersey Nets,2007,41,41,.500
1189,Philadelphia 76ers,2007,35,47,.427
1190,New York Knicks,2007,33,49,.402
1191,Boston Celtics,2007,24,58,.293
1192,Detroit Pistons,2007,53,29,.646
1193,Cleveland Cavaliers,2007,50,32,.610
1194,Chicago Bulls,2007,49,33,.598
1195,Indiana Pacers,2007,35,47,.427
1196,Milwaukee Bucks,2007,28,54,.341
1197,Miami Heat,2007,44,38,.537
1198,Washington Wizards,2007,41,41,.500
1199,Orlando Magic,2007,40,42,.488
1200,Charlotte Bobcats,2007,33,49,.402
1201,Atlanta Hawks,2007,30,52,.366
1202,divs_standings_W 2007,2007,W,L,W/L%
1203,Utah Jazz,2007,51,31,.622
1204,Denver Nuggets,2007,45,37,.549
1205,Portland Trail Blazers,2007,32,50,.390
1206,Minnesota Timberwolves,2007,32,50,.390
1207,Seattle SuperSonics,2007,31,51,.378
1208,Phoenix Suns,2007,61,21,.744
1209,Los Angeles Lakers,2007,42,40,.512
1210,Golden State Warriors,2007,42,40,.512
1211,Los Angeles Clippers,2007,40,42,.488
1212,Sacramento Kings,2007,33,49,.402
1213,Dallas Mavericks,2007,67,15,.817
1214,San Antonio Spurs,2007,58,24,.707
1215,Houston Rockets,2007,52,30,.634
1216,New Orleans/Oklahoma City Hornets,2007,39,43,.476
1217,Memphis Grizzlies,2007,22,60,.268
1218,divs_standings_E 2008,2008,W,L,W/L%
1219,Boston Celtics,2008,66,16,.805
1220,Toronto Raptors,2008,41,41,.500
1221,Philadelphia 76ers,2008,40,42,.488
1222,New Jersey Nets,2008,34,48,.415
1223,New York Knicks,2008,23,59,.280
1224,Detroit Pistons,2008,59,23,.720
1225,Cleveland Cavaliers,2008,45,37,.549
1226,Indiana Pacers,2008,36,46,.439
1227,Chicago Bulls,2008,33,49,.402
1228,Milwaukee Bucks,2008,26,56,.317
1229,Orlando Magic,2008,52,30,.634
1230,Washington Wizards,2008,43,39,.524
1231,Atlanta Hawks,2008,37,45,.451
1232,Charlotte Bobcats,2008,32,50,.390
1233,Miami Heat,2008,15,67,.183
1234,divs_standings_W 2008,2008,W,L,W/L%
1235,Utah Jazz,2008,54,28,.659
1236,Denver Nuggets,2008,50,32,.610
1237,Portland Trail Blazers,2008,41,41,.500
1238,Minnesota Timberwolves,2008,22,60,.268
1239,Seattle SuperSonics,2008,20,62,.244
1240,Los Angeles Lakers,2008,57,25,.695
1241,Phoenix Suns,2008,55,27,.671
1242,Golden State Warriors,2008,48,34,.585
1243,Sacramento Kings,2008,38,44,.463
1244,Los Angeles Clippers,2008,23,59,.280
1245,New Orleans Hornets,2008,56,26,.683
1246,San Antonio Spurs,2008,56,26,.683
1247,Houston Rockets,2008,55,27,.671
1248,Dallas Mavericks,2008,51,31,.622
1249,Memphis Grizzlies,2008,22,60,.268
1250,divs_standings_E 2009,2009,W,L,W/L%
1251,Boston Celtics,2009,62,20,.756
1252,Philadelphia 76ers,2009,41,41,.500
1253,New Jersey Nets,2009,34,48,.415
1254,Toronto Raptors,2009,33,49,.402
1255,New York Knicks,2009,32,50,.390
1256,Cleveland Cavaliers,2009,66,16,.805
1257,Chicago Bulls,2009,41,41,.500
1258,Detroit Pistons,2009,39,43,.476
1259,Indiana Pacers,2009,36,46,.439
1260,Milwaukee Bucks,2009,34,48,.415
1261,Orlando Magic,2009,59,23,.720
1262,Atlanta Hawks,2009,47,35,.573
1263,Miami Heat,2009,43,39,.524
1264,Charlotte Bobcats,2009,35,47,.427
1265,Washington Wizards,2009,19,63,.232
1266,divs_standings_W 2009,2009,W,L,W/L%
1267,Denver Nuggets,2009,54,28,.659
1268,Portland Trail Blazers,2009,54,28,.659
1269,Utah Jazz,2009,48,34,.585
1270,Minnesota Timberwolves,2009,24,58,.293
1271,Oklahoma City Thunder,2009,23,59,.280
1272,Los Angeles Lakers,2009,65,17,.793
1273,Phoenix Suns,2009,46,36,.561
1274,Golden State Warriors,2009,29,53,.354
1275,Los Angeles Clippers,2009,19,63,.232
1276,Sacramento Kings,2009,17,65,.207
1277,San Antonio Spurs,2009,54,28,.659
1278,Houston Rockets,2009,53,29,.646
1279,Dallas Mavericks,2009,50,32,.610
1280,New Orleans Hornets,2009,49,33,.598
1281,Memphis Grizzlies,2009,24,58,.293
1282,divs_standings_E 2010,2010,W,L,W/L%
1283,Boston Celtics,2010,50,32,.610
1284,Toronto Raptors,2010,40,42,.488
1285,New York Knicks,2010,29,53,.354
1286,Philadelphia 76ers,2010,27,55,.329
1287,New Jersey Nets,2010,12,70,.146
1288,Cleveland Cavaliers,2010,61,21,.744
1289,Milwaukee Bucks,2010,46,36,.561
1290,Chicago Bulls,2010,41,41,.500
1291,Indiana Pacers,2010,32,50,.390
1292,Detroit Pistons,2010,27,55,.329
1293,Orlando Magic,2010,59,23,.720
1294,Atlanta Hawks,2010,53,29,.646
1295,Miami Heat,2010,47,35,.573
1296,Charlotte Bobcats,2010,44,38,.537
1297,Washington Wizards,2010,26,56,.317
1298,divs_standings_W 2010,2010,W,L,W/L%
1299,Denver Nuggets,2010,53,29,.646
1300,Utah Jazz,2010,53,29,.646
1301,Portland Trail Blazers,2010,50,32,.610
1302,Oklahoma City Thunder,2010,50,32,.610
1303,Minnesota Timberwolves,2010,15,67,.183
1304,Los Angeles Lakers,2010,57,25,.695
1305,Phoenix Suns,2010,54,28,.659
1306,Los Angeles Clippers,2010,29,53,.354
1307,Golden State Warriors,2010,26,56,.317
1308,Sacramento Kings,2010,25,57,.305
1309,Dallas Mavericks,2010,55,27,.671
1310,San Antonio Spurs,2010,50,32,.610
1311,Houston Rockets,2010,42,40,.512
1312,Memphis Grizzlies,2010,40,42,.488
1313,New Orleans Hornets,2010,37,45,.451
1314,divs_standings_E 2011,2011,W,L,W/L%
1315,Boston Celtics,2011,56,26,.683
1316,New York Knicks,2011,42,40,.512
1317,Philadelphia 76ers,2011,41,41,.500
1318,New Jersey Nets,2011,24,58,.293
1319,Toronto Raptors,2011,22,60,.268
1320,Chicago Bulls,2011,62,20,.756
1321,Indiana Pacers,2011,37,45,.451
1322,Milwaukee Bucks,2011,35,47,.427
1323,Detroit Pistons,2011,30,52,.366
1324,Cleveland Cavaliers,2011,19,63,.232
1325,Miami Heat,2011,58,24,.707
1326,Orlando Magic,2011,52,30,.634
1327,Atlanta Hawks,2011,44,38,.537
1328,Charlotte Bobcats,2011,34,48,.415
1329,Washington Wizards,2011,23,59,.280
1330,divs_standings_W 2011,2011,W,L,W/L%
1331,Oklahoma City Thunder,2011,55,27,.671
1332,Denver Nuggets,2011,50,32,.610
1333,Portland Trail Blazers,2011,48,34,.585
1334,Utah Jazz,2011,39,43,.476
1335,Minnesota Timberwolves,2011,17,65,.207
1336,Los Angeles Lakers,2011,57,25,.695
1337,Phoenix Suns,2011,40,42,.488
1338,Golden State Warriors,2011,36,46,.439
1339,Los Angeles Clippers,2011,32,50,.390
1340,Sacramento Kings,2011,24,58,.293
1341,San Antonio Spurs,2011,61,21,.744
1342,Dallas Mavericks,2011,57,25,.695
1343,New Orleans Hornets,2011,46,36,.561
1344,Memphis Grizzlies,2011,46,36,.561
1345,Houston Rockets,2011,43,39,.524
1346,divs_standings_E 2012,2012,W,L,W/L%
1347,Boston Celtics,2012,39,27,.591
1348,New York Knicks,2012,36,30,.545
1349,Philadelphia 76ers,2012,35,31,.530
1350,Toronto Raptors,2012,23,43,.348
1351,New Jersey Nets,2012,22,44,.333
1352,Chicago Bulls,2012,50,16,.758
1353,Indiana Pacers,2012,42,24,.636
1354,Milwaukee Bucks,2012,31,35,.470
1355,Detroit Pistons,2012,25,41,.379
1356,Cleveland Cavaliers,2012,21,45,.318
1357,Miami Heat,2012,46,20,.697
1358,Atlanta Hawks,2012,40,26,.606
1359,Orlando Magic,2012,37,29,.561
1360,Washington Wizards,2012,20,46,.303
1361,Charlotte Bobcats,2012,7,59,.106
1362,divs_standings_W 2012,2012,W,L,W/L%
1363,Oklahoma City Thunder,2012,47,19,.712
1364,Denver Nuggets,2012,38,28,.576
1365,Utah Jazz,2012,36,30,.545
1366,Portland Trail Blazers,2012,28,38,.424
1367,Minnesota Timberwolves,2012,26,40,.394
1368,Los Angeles Lakers,2012,41,25,.621
1369,Los Angeles Clippers,2012,40,26,.606
1370,Phoenix Suns,2012,33,33,.500
1371,Golden State Warriors,2012,23,43,.348
1372,Sacramento Kings,2012,22,44,.333
1373,San Antonio Spurs,2012,50,16,.758
1374,Memphis Grizzlies,2012,41,25,.621
1375,Dallas Mavericks,2012,36,30,.545
1376,Houston Rockets,2012,34,32,.515
1377,New Orleans Hornets,2012,21,45,.318
1378,divs_standings_E 2013,2013,W,L,W/L%
1379,New York Knicks,2013,54,28,.659
1380,Brooklyn Nets,2013,49,33,.598
1381,Boston Celtics,2013,41,40,.506
1382,Philadelphia 76ers,2013,34,48,.415
1383,Toronto Raptors,2013,34,48,.415
1384,Indiana Pacers,2013,49,32,.605
1385,Chicago Bulls,2013,45,37,.549
1386,Milwaukee Bucks,2013,38,44,.463
1387,Detroit Pistons,2013,29,53,.354
1388,Cleveland Cavaliers,2013,24,58,.293
1389,Miami Heat,2013,66,16,.805
1390,Atlanta Hawks,2013,44,38,.537
1391,Washington Wizards,2013,29,53,.354
1392,Charlotte Bobcats,2013,21,61,.256
1393,Orlando Magic,2013,20,62,.244
1394,divs_standings_W 2013,2013,W,L,W/L%
1395,Oklahoma City Thunder,2013,60,22,.732
1396,Denver Nuggets,2013,57,25,.695
1397,Utah Jazz,2013,43,39,.524
1398,Portland Trail Blazers,2013,33,49,.402
1399,Minnesota Timberwolves,2013,31,51,.378
1400,Los Angeles Clippers,2013,56,26,.683
1401,Golden State Warriors,2013,47,35,.573
1402,Los Angeles Lakers,2013,45,37,.549
1403,Sacramento Kings,2013,28,54,.341
1404,Phoenix Suns,2013,25,57,.305
1405,San Antonio Spurs,2013,58,24,.707
1406,Memphis Grizzlies,2013,56,26,.683
1407,Houston Rockets,2013,45,37,.549
1408,Dallas Mavericks,2013,41,41,.500
1409,New Orleans Hornets,2013,27,55,.329
1410,divs_standings_E 2014,2014,W,L,W/L%
1411,Toronto Raptors,2014,48,34,.585
1412,Brooklyn Nets,2014,44,38,.537
1413,New York Knicks,2014,37,45,.451
1414,Boston Celtics,2014,25,57,.305
1415,Philadelphia 76ers,2014,19,63,.232
1416,Indiana Pacers,2014,56,26,.683
1417,Chicago Bulls,2014,48,34,.585
1418,Cleveland Cavaliers,2014,33,49,.402
1419,Detroit Pistons,2014,29,53,.354
1420,Milwaukee Bucks,2014,15,67,.183
1421,Miami Heat,2014,54,28,.659
1422,Washington Wizards,2014,44,38,.537
1423,Charlotte Bobcats,2014,43,39,.524
1424,Atlanta Hawks,2014,38,44,.463
1425,Orlando Magic,2014,23,59,.280
1426,divs_standings_W 2014,2014,W,L,W/L%
1427,Oklahoma City Thunder,2014,59,23,.720
1428,Portland Trail Blazers,2014,54,28,.659
1429,Minnesota Timberwolves,2014,40,42,.488
1430,Denver Nuggets,2014,36,46,.439
1431,Utah Jazz,2014,25,57,.305
1432,Los Angeles Clippers,2014,57,25,.695
1433,Golden State Warriors,2014,51,31,.622
1434,Phoenix Suns,2014,48,34,.585
1435,Sacramento Kings,2014,28,54,.341
1436,Los Angeles Lakers,2014,27,55,.329
1437,San Antonio Spurs,2014,62,20,.756
1438,Houston Rockets,2014,54,28,.659
1439,Memphis Grizzlies,2014,50,32,.610
1440,Dallas Mavericks,2014,49,33,.598
1441,New Orleans Pelicans,2014,34,48,.415
1442,divs_standings_E 2015,2015,W,L,W/L%
1443,Toronto Raptors,2015,49,33,.598
1444,Boston Celtics,2015,40,42,.488
1445,Brooklyn Nets,2015,38,44,.463
1446,Philadelphia 76ers,2015,18,64,.220
1447,New York Knicks,2015,17,65,.207
1448,Cleveland Cavaliers,2015,53,29,.646
1449,Chicago Bulls,2015,50,32,.610
1450,Milwaukee Bucks,2015,41,41,.500
1451,Indiana Pacers,2015,38,44,.463
1452,Detroit Pistons,2015,32,50,.390
1453,Atlanta Hawks,2015,60,22,.732
1454,Washington Wizards,2015,46,36,.561
1455,Miami Heat,2015,37,45,.451
1456,Charlotte Hornets,2015,33,49,.402
1457,Orlando Magic,2015,25,57,.305
1458,divs_standings_W 2015,2015,W,L,W/L%
1459,Portland Trail Blazers,2015,51,31,.622
1460,Oklahoma City Thunder,2015,45,37,.549
1461,Utah Jazz,2015,38,44,.463
1462,Denver Nuggets,2015,30,52,.366
1463,Minnesota Timberwolves,2015,16,66,.195
1464,Golden State Warriors,2015,67,15,.817
1465,Los Angeles Clippers,2015,56,26,.683
1466,Phoenix Suns,2015,39,43,.476
1467,Sacramento Kings,2015,29,53,.354
1468,Los Angeles Lakers,2015,21,61,.256
1469,Houston Rockets,2015,56,26,.683
1470,San Antonio Spurs,2015,55,27,.671
1471,Memphis Grizzlies,2015,55,27,.671
1472,Dallas Mavericks,2015,50,32,.610
1473,New Orleans Pelicans,2015,45,37,.549
1474,divs_standings_E 2016,2016,W,L,W/L%
1475,Toronto Raptors,2016,56,26,.683
1476,Boston Celtics,2016,48,34,.585
1477,New York Knicks,2016,32,50,.390
1478,Brooklyn Nets,2016,21,61,.256
1479,Philadelphia 76ers,2016,10,72,.122
1480,Cleveland Cavaliers,2016,57,25,.695
1481,Indiana Pacers,2016,45,37,.549
1482,Detroit Pistons,2016,44,38,.537
1483,Chicago Bulls,2016,42,40,.512
1484,Milwaukee Bucks,2016,33,49,.402
1485,Miami Heat,2016,48,34,.585
1486,Atlanta Hawks,2016,48,34,.585
1487,Charlotte Hornets,2016,48,34,.585
1488,Washington Wizards,2016,41,41,.500
1489,Orlando Magic,2016,35,47,.427
1490,divs_standings_W 2016,2016,W,L,W/L%
1491,Oklahoma City Thunder,2016,55,27,.671
1492,Portland Trail Blazers,2016,44,38,.537
1493,Utah Jazz,2016,40,42,.488
1494,Denver Nuggets,2016,33,49,.402
1495,Minnesota Timberwolves,2016,29,53,.354
1496,Golden State Warriors,2016,73,9,.890
1497,Los Angeles Clippers,2016,53,29,.646
1498,Sacramento Kings,2016,33,49,.402
1499,Phoenix Suns,2016,23,59,.280
1500,Los Angeles Lakers,2016,17,65,.207
1501,San Antonio Spurs,2016,67,15,.817
1502,Dallas Mavericks,2016,42,40,.512
1503,Memphis Grizzlies,2016,42,40,.512
1504,Houston Rockets,2016,41,41,.500
1505,New Orleans Pelicans,2016,30,52,.366
1506,divs_standings_E 2017,2017,W,L,W/L%
1507,Boston Celtics,2017,53,29,.646
1508,Toronto Raptors,2017,51,31,.622
1509,New York Knicks,2017,31,51,.378
1510,Philadelphia 76ers,2017,28,54,.341
1511,Brooklyn Nets,2017,20,62,.244
1512,Cleveland Cavaliers,2017,51,31,.622
1513,Milwaukee Bucks,2017,42,40,.512
1514,Indiana Pacers,2017,42,40,.512
1515,Chicago Bulls,2017,41,41,.500
1516,Detroit Pistons,2017,37,45,.451
1517,Washington Wizards,2017,49,33,.598
1518,Atlanta Hawks,2017,43,39,.524
1519,Miami Heat,2017,41,41,.500
1520,Charlotte Hornets,2017,36,46,.439
1521,Orlando Magic,2017,29,53,.354
1522,divs_standings_W 2017,2017,W,L,W/L%
1523,Utah Jazz,2017,51,31,.622
1524,Oklahoma City Thunder,2017,47,35,.573
1525,Portland Trail Blazers,2017,41,41,.500
1526,Denver Nuggets,2017,40,42,.488
1527,Minnesota Timberwolves,2017,31,51,.378
1528,Golden State Warriors,2017,67,15,.817
1529,Los Angeles Clippers,2017,51,31,.622
1530,Sacramento Kings,2017,32,50,.390
1531,Los Angeles Lakers,2017,26,56,.317
1532,Phoenix Suns,2017,24,58,.293
1533,San Antonio Spurs,2017,61,21,.744
1534,Houston Rockets,2017,55,27,.671
1535,Memphis Grizzlies,2017,43,39,.524
1536,New Orleans Pelicans,2017,34,48,.415
1537,Dallas Mavericks,2017,33,49,.402
1538,divs_standings_E 2018,2018,W,L,W/L%
1539,Toronto Raptors,2018,59,23,.720
1540,Boston Celtics,2018,55,27,.671
1541,Philadelphia 76ers,2018,52,30,.634
1542,New York Knicks,2018,29,53,.354
1543,Brooklyn Nets,2018,28,54,.341
1544,Cleveland Cavaliers,2018,50,32,.610
1545,Indiana Pacers,2018,48,34,.585
1546,Milwaukee Bucks,2018,44,38,.537
1547,Detroit Pistons,2018,39,43,.476
1548,Chicago Bulls,2018,27,55,.329
1549,Miami Heat,2018,44,38,.537
1550,Washington Wizards,2018,43,39,.524
1551,Charlotte Hornets,2018,36,46,.439
1552,Orlando Magic,2018,25,57,.305
1553,Atlanta Hawks,2018,24,58,.293
1554,divs_standings_W 2018,2018,W,L,W/L%
1555,Portland Trail Blazers,2018,49,33,.598
1556,Oklahoma City Thunder,2018,48,34,.585
1557,Utah Jazz,2018,48,34,.585
1558,Minnesota Timberwolves,2018,47,35,.573
1559,Denver Nuggets,2018,46,36,.561
1560,Golden State Warriors,2018,58,24,.707
1561,Los Angeles Clippers,2018,42,40,.512
1562,Los Angeles Lakers,2018,35,47,.427
1563,Sacramento Kings,2018,27,55,.329
1564,Phoenix Suns,2018,21,61,.256
1565,Houston Rockets,2018,65,17,.793
1566,New Orleans Pelicans,2018,48,34,.585
1567,San Antonio Spurs,2018,47,35,.573
1568,Dallas Mavericks,2018,24,58,.293
1569,Memphis Grizzlies,2018,22,60,.268
1570,divs_standings_E 2019,2019,W,L,W/L%
1571,Toronto Raptors,2019,58,24,.707
1572,Philadelphia 76ers,2019,51,31,.622
1573,Boston Celtics,2019,49,33,.598
1574,Brooklyn Nets,2019,42,40,.512
1575,New York Knicks,2019,17,65,.207
1576,Milwaukee Bucks,2019,60,22,.732
1577,Indiana Pacers,2019,48,34,.585
1578,Detroit Pistons,2019,41,41,.500
1579,Chicago Bulls,2019,22,60,.268
1580,Cleveland Cavaliers,2019,19,63,.232
1581,Orlando Magic,2019,42,40,.512
1582,Charlotte Hornets,2019,39,43,.476
1583,Miami Heat,2019,39,43,.476
1584,Washington Wizards,2019,32,50,.390
1585,Atlanta Hawks,2019,29,53,.354
1586,divs_standings_W 2019,2019,W,L,W/L%
1587,Denver Nuggets,2019,54,28,.659
1588,Portland Trail Blazers,2019,53,29,.646
1589,Utah Jazz,2019,50,32,.610
1590,Oklahoma City Thunder,2019,49,33,.598
1591,Minnesota Timberwolves,2019,36,46,.439
1592,Golden State Warriors,2019,57,25,.695
1593,Los Angeles Clippers,2019,48,34,.585
1594,Sacramento Kings,2019,39,43,.476
1595,Los Angeles Lakers,2019,37,45,.451
1596,Phoenix Suns,2019,19,63,.232
1597,Houston Rockets,2019,53,29,.646
1598,San Antonio Spurs,2019,48,34,.585
1599,Memphis Grizzlies,2019,33,49,.402
1600,New Orleans Pelicans,2019,33,49,.402
1601,Dallas Mavericks,2019,33,49,.402
